,Titulo,Anio,Pais,Director,Genero
0,Jurassic World Camp Cretaceous: Hidden Adventure,2022,Estados Unidos,Sin Datos,Animación
1,Teletubbies,1997,Reino Unido,Andrew Davenport,Serie de TV
2,Stutz,2022,Estados Unidos,Jonah Hill,Documental
3,My Father's Dragon,2022,Irlanda,Nora Twomey,Animación
4,Down to Earth with Zac Efron,2020,Estados Unidos,Zac Efron,Serie de TV
5,Is That Black Enough for You?!?,2022,Estados Unidos,Elvis Mitchell,Documental
6,"Monica, O My Darling",2022,India,Vasan Bala,Drama
7,Capturing the Killer Nurse,2022,Reino Unido,Tim Travers Hawkins,Documental
8,Ancient Apocalypse,2022,Reino Unido,Graham Hancock,Documental
9,Kalaka,2022,Turquía,Ozan Açiktan,Drama
10,Balle perdue 2,2022,Francia,Guillaume Pierret,Acción
11,Falling for Christmasaka,2022,Estados Unidos,Janeen Damian,Romance
12,Warrior Nun,2020,Estados Unidos,Simon Barry,Serie de TV
13,State of Alabama vs. Brittany Smith,2022,Estados Unidos,Ryan White,Documental
14,The Crown,2016,Reino Unido,Peter Morgan,Serie de TV
15,Ruido,2022,México,Natalia Beristain,Drama
16,FIFA Uncovered,2022,Estados Unidos,Daniel Gordon,Serie de TV
17,The Soccer Football Movie,2022,Estados Unidos,Mitch Schauer,Animación
18,The Claus Family 2 (De Familie Claus 2),2021,Países Bajos (Holanda),Ruben Vandenborre,Comedia
19,Neal Brennan: Blocks,2022,Estados Unidos,Derek DelGaudio,Comedia
20,Triviaverse,2022,Estados Unidos,Sin Datos,Serie de TV
21,Deepa & Anoop,2022,Estados Unidos,Lisa Goldman,Serie de TV
22,Orgasm Inc.: The Story of OneTaste,2022,Estados Unidos,Sarah Gibson,Documental
23,Enola Holmes 2,2022,Reino Unido,Harry Bradbeer,Intriga
24,Manifest,2018,Estados Unidos,Jeff Rake,Serie de TV
25,Lookism,2022,Corea del Sur,Shim Kyu-hyuk,Serie de TV
26,El secreto de la familia Greco,2022,México,Alejandro Ciancio,Serie de TV
27,The Fabulous,2022,Corea del Sur,Jin-sun Im,Serie de TV
28,Elesin Oba (The King's Horseman),2022,Nigeria,Biyi Bandele,Drama
29,Blockbuster,2022,Estados Unidos,Vanessa Ramos,Serie de TV
30,The Dragon Prince,2018,Estados Unidos,Aaron Ehasz,Serie de TV
31,Goles en contra,2022,Colombia,Pablo González,Serie de TV
32,Killer Sally,2022,Estados Unidos,Nanette Burstein,Serie de TV
33,The Takeover,2022,Países Bajos (Holanda),Annemarie van de Mond,Acción
34,Young Royals,2021,Suecia,Rojda Sekersöz,Serie de TV
35,Inside Man,2022,Reino Unido,Steven Moffat,Serie de TV
36,Im Westen nichts Neuesaka,2022,Alemania,Edward Berger,Bélico
37,Wendell and Wild,2022,Estados Unidos,Henry Selick,Animación
38,The Bastard Son & The Devil Himself,2022,Reino Unido,Colm McCarthy,Serie de TV
39,Big Mouth,2017,Estados Unidos,Nick Kroll,Serie de TV
40,Wild is the Wind,2022,Sudáfrica,Fabian Medea,Drama
41,Si lo hubiera sabido,2022,España,Ece Yörenç,Serie de TV
42,Shards of Her,2022,Taiwán,Li Cho,Serie de TV
43,I Am a Stalker,2022,Reino Unido,Sin Datos,Serie de TV
44,Cabinet of Curiosities: The Viewing,2022,Estados Unidos,Panos Cosmatos,Terror
45,Cabinet of Curiosities: The Murmuring,2022,Estados Unidos,Jennifer Kent,Terror
46,Indian Predator: Murder in a Courtroom,2022,India,Umesh Vinayak Kulkarni,Serie de TV
47,Cabinet of Curiosities: Pickman's Model,2022,Estados Unidos,Keith Thomas,Terror
48,Cabinet of Curiosities: Dreams in the Witch House,2022,Estados Unidos,Catherine Hardwicke,Terror
49,Family Reunion,2019,Estados Unidos,Meg DeLoatch,Serie de TV
50,Daniel Spellbound,2022,Estados Unidos,Matthew Fernandes,Serie de TV
51,Romantic Killer,2022,Japón,Kazuya Ichikawa,Serie de TV
52,Cici,2022,Turquía,Berkun Oya,Drama
53,Earthstorm,2022,Estados Unidos,Talya Tibbon,Serie de TV
54,Cabinet of Curiosities: The Autopsy,2022,Estados Unidos,David Prior,Fantástico
55,Cabinet of Curiosities: The Outside,2022,Estados Unidos,Ana Lily Amirpour,Intriga
56,The Good Nurse,2022,Estados Unidos,Tobias Lindholm,Thriller
57,Ostatnia wieczerza,2022,Polonia,Bartosz M. Kowalski,Terror
58,Fugitive: The Curious Case of Carlos Ghosn,2022,Estados Unidos,Lucy Blakstad,Documental
59,Rapiniamo il Duce,2022,Italia,Renato De Maria,Acción
60,Guillermo del Toro's Cabinet of Curiosities,2022,Estados Unidos,Guillermo del Toro,Serie de TV
61,Barbie: Epic Road Trip,2022,Estados Unidos,Conrad Helten,Animación
62,Fortune Feimster: Good Fortune,2022,Estados Unidos,Manny Rodriguez,Comedia
63,Cabinet of Curiosities: Lot 36,2022,Estados Unidos,Guillermo Navarro,Terror
64,Cabinet of Curiosities: Graveyard Rats,2022,Estados Unidos,Vincenzo Natali,Terror
65,Jaulaaka,2022,España,Ignacio Tatay,Intriga
66,Mr. Midnight: Beware the Monsters,2022,Singapur,Tony Tilse,Serie de TV
67,Franco Escamilla: Voyerista auditivo,2022,México,Claude Shires,Comedia
68,Barbarenaka,2020,Alemania,Barbara Eder,Serie de TV
69,Oni: Thunder God's Tale,2022,Japón,Daisuke 'Dice' Tsutsumi,Serie de TV
70,From Scratch,2022,Estados Unidos,Dennie Gordon,Serie de TV
71,20th Century Girl,2022,Corea del Sur,Woo-ri Bang,Romance
72,28 Days Haunted,2022,Estados Unidos,Joe Berlinger,Serie de TV
73,Descendant,2022,Estados Unidos,Margaret Brown,Documental
74,High: Confessions of an Ibiza Drug Mule,2021,Reino Unido,Stuart Bernard,Serie de TV
75,Vatican Girl: The Disappearance of Emanuela Orlandi,2022,Reino Unido,Mark Lewis,Serie de TV
76,The School for Good and Evilaka,2022,Estados Unidos,Paul Feig,Fantástico
77,The Stranger,2022,Australia,Thomas M. Wright,Thriller
78,Gang Zielonej Rękawiczki,2022,Polonia,Tadeusz Sliwa,Serie de TV
79,"Notre-Dame, la part du feuaka",2022,Francia,Hervé Hadmar,Serie de TV
